MemberID,Name,Height,Weight,Gender,Email,Password,GymID
1,John Doe,175,70.5,Male,john.doe@example.com,password1,1
2,Jane Smith,163,55.2,Female,jane.smith@example.com,password2,2
3,Michael Johnson,180,80.3,Male,michael.j@example.com,password3,1
4,Emily Brown,160,50.8,Female,emily.brown@example.com,password4,4
5,David Wilson,185,90.1,Male,david.wilson@example.com,password5,6
6,Emma Davis,168,60.7,Female,emma.d@example.com,password6,6
7,James Taylor,178,75.6,Male,james.taylor@example.com,password7,3
8,Olivia Martinez,155,48.9,Female,olivia.m@example.com,password8,1
9,Daniel Anderson,172,68.4,Male,daniel.a@example.com,password9,10
10,Sophia Garcia,170,65.2,Female,sophia.g@example.com,password10,1
11,Matthew Hernandez,181,85,Male,matthew.h@example.com,password11,3
12,Isabella Lopez,158,52.3,Female,isabella.l@example.com,password12,7
13,Christopher Gonzalez,176,73.8,Male,christopher.g@example.com,password13,9
14,Ava Wilson,165,57.5,Female,ava.w@example.com,password14,8
15,Joshua Perez,179,77.4,Male,joshua.p@example.com,password15,5
16,Mia Adams,162,53.1,Female,mia.a@example.com,password16,10
17,Andrew Campbell,184,88.2,Male,andrew.c@example.com,password17,2
18,Charlotte Moore,157,49.6,Female,charlotte.m@example.com,password18,9
19,Ryan Rivera,173,70.9,Male,ryan.r@example.com,password19,8
20,Amelia Bailey,171,66.3,Female,amelia.b@example.com,password20,6
21,Ethan Cooper,177,74.2,Male,ethan.c@example.com,password21,3
22,Chloe Reed,166,59.8,Female,chloe.r@example.com,password22,5
23,Alexander Ward,182,83.5,Male,alexander.w@example.com,password23,7
24,Ella Turner,159,54.7,Female,ella.t@example.com,password24,6
25,Logan Carter,180,79.6,Male,logan.c@example.com,password25,7
26,Grace Diaz,164,56.4,Female,grace.d@example.com,password26,3
27,Nathan Morris,178,76.1,Male,nathan.m@example.com,password27,2
28,Hannah Hill,167,61.5,Female,hannah.h@example.com,password28,7
29,Tyler Mitchell,183,86.4,Male,tyler.m@example.com,password29,8
30,Avery King,156,51.2,Female,avery.k@example.com,password30,6
31,Dylan Perez,175,72.3,Male,dylan.p@example.com,password31,8
32,Victoria Evans,168,60.9,Female,victoria.e@example.com,password32,7
33,Brandon Cox,181,81.7,Male,brandon.c@example.com,password33,6
34,Madison Price,161,55.8,Female,madison.p@example.com,password34,4
35,Gabriel Bell,179,78.5,Male,gabriel.b@example.com,password35,6
36,Peyton Hughes,170,64.6,Female,peyton.h@example.com,password36,1
37,Owen Richardson,174,71.5,Male,owen.r@example.com,password37,6
38,Samantha Cooper,163,58.3,Female,samantha.c@example.com,password38,4
39,Jackson Long,186,87.6,Male,jackson.l@example.com,password39,2
40,Lily Foster,158,53.7,Female,lily.f@example.com,password40,7
41,Caleb Stewart,177,75.2,Male,caleb.s@example.com,password41,6
42,Zoe Murphy,167,62.4,Female,zoe.m@example.com,password42,5
43,Dominic Brooks,180,80.9,Male,dominic.b@example.com,password43,4
44,Evelyn Sanders,160,56.1,Female,evelyn.s@example.com,password44,3
45,Aaron Peterson,182,82.3,Male,aaron.p@example.com,password45,2
46,Brooklyn Cook,165,59.7,Female,brooklyn.c@example.com,password46,1
47,Lucas Bell,176,74.6,Male,lucas.b@example.com,password47,8
48,Leah Reed,164,57.9,Female,leah.r@example.com,password48,9
49,Wyatt Coleman,183,84.1,Male,wyatt.c@example.com,password49,10
50,Harper Richardson,159,55.3,Female,harper.r@example.com,password50,10
